Image,Score,reason,task type,place
data/train/0/PXL_20251107_192557855.MP.jpg,2,The table surface is spotless and free of any visible dirt or clutter.,Clean / clear the table surface,kitchen
data/train/0/PXL_20251107_192600830.jpg,2,The table surface is spotless and free of any visible dirt or clutter.,Clean / clear the table surface,kitchen
data/train/0/PXL_20251107_212003382.MP.jpg,2,The table surface is spotless and free of any visible dirt or clutter.,Clean / clear the table surface,kitchen
data/train/0/PXL_20251107_212037468.jpg,2,The table surface is spotless and free of any visible dirt or clutter.,Clean / clear the table surface,kitchen
data/train/0/PXL_20251107_212418130.jpg,2,The table surface is spotless and free of any visible dirt or clutter.,Clean / clear the table surface,kitchen
data/train/0/PXL_20251107_212515209.jpg,2,The table surface is spotless and free of any visible dirt or clutter.,Clean / clear the table surface,kitchen
data/train/0/PXL_20251107_212524767.jpg,2,The table surface is spotless and free of any visible dirt or clutter.,Clean / clear the table surface,kitchen
data/train/0/PXL_20251107_212543077.jpg,2,The table surface is spotless and free of any visible dirt or clutter.,Clean / clear the table surface,kitchen
data/train/0/PXL_20251107_212548940.jpg,2,The table surface is spotless and free of any visible dirt or clutter.,Clean / clear the table surface,kitchen
data/train/0/PXL_20251107_212812213.jpg,2,The table surface is spotless and free of any visible dirt or clutter.,Clean / clear the table surface,kitchen
data/train/0/PXL_20251107_212818770.jpg,2,The table surface is spotless and free of any visible dirt or clutter.,Clean / clear the table surface,kitchen
data/train/0/PXL_20251107_212957299.jpg,2,The table surface is spotless and free of any visible dirt or clutter.,Clean / clear the table surface,kitchen
data/train/0/PXL_20251107_213000440.jpg,2,The table surface is spotless and free of any visible dirt or clutter.,Clean / clear the table surface,kitchen
data/train/0/PXL_20251107_213041766.jpg,2,The table surface is spotless and free of any visible dirt or clutter.,Clean / clear the table surface,kitchen
data/train/0/PXL_20251107_213049671.jpg,2,The table surface is spotless and free of any visible dirt or clutter.,Clean / clear the table surface,kitchen
data/train/0/PXL_20251107_213059102.jpg,2,The table surface is spotless and free of any visible dirt or clutter.,Clean / clear the table surface,kitchen
data/train/0/PXL_20251107_213104466.jpg,2,The table surface is spotless and free of any visible dirt or clutter.,Clean / clear the table surface,kitchen
data/train/0/PXL_20251107_213239994.jpg,2,The table surface is spotless and free of any visible dirt or clutter.,Clean / clear the table surface,kitchen
data/train/0/PXL_20251107_213244774.jpg,2,The table surface is spotless and free of any visible dirt or clutter.,Clean / clear the table surface,kitchen
data/train/0/PXL_20251107_213309931.jpg,2,The table surface is spotless and free of any visible dirt or clutter.,Clean / clear the table surface,kitchen
data/train/0/PXL_20251107_213336097.jpg,2,The table surface is spotless and free of any visible dirt or clutter.,Clean / clear the table surface,kitchen
data/train/0/PXL_20251107_213530856.jpg,2,The table surface is spotless and free of any visible dirt or clutter.,Clean / clear the table surface,kitchen
data/train/0/PXL_20251107_213533298.jpg,2,The table surface is spotless and free of any visible dirt or clutter.,Clean / clear the table surface,kitchen
data/train/0/PXL_20251107_213557087.MP.jpg,2,The table surface is spotless and free of any visible dirt or clutter.,Clean / clear the table surface,kitchen
data/train/0/PXL_20251107_213605447.MP.jpg,2,The table surface is spotless and free of any visible dirt or clutter.,Clean / clear the table surface,kitchen
data/train/0/PXL_20251107_213610909.jpg,2,The table surface is spotless and free of any visible dirt or clutter.,Clean / clear the table surface,kitchen
data/train/0/PXL_20251107_213615599.jpg,2,The table surface is spotless and free of any visible dirt or clutter.,Clean / clear the table surface,kitchen
data/train/0/PXL_20251107_213629129.jpg,2,The table surface is spotless and free of any visible dirt or clutter.,Clean / clear the table surface,kitchen
data/train/0/PXL_20251107_213745491.jpg,2,The table surface is spotless and free of any visible dirt or clutter.,Clean / clear the table surface,kitchen
data/train/0/PXL_20251107_213748649.jpg,2,The table surface is spotless and free of any visible dirt or clutter.,Clean / clear the table surface,kitchen
data/train/0/PXL_20251107_213930297.MP.jpg,2,The table surface is spotless and free of any visible dirt or clutter.,Clean / clear the table surface,kitchen
data/train/0/PXL_20251107_213937993.jpg,2,The table surface is spotless and free of any visible dirt or clutter.,Clean / clear the table surface,kitchen
data/train/0/PXL_20251107_214135587.jpg,2,The table surface is spotless and free of any visible dirt or clutter.,Clean / clear the table surface,kitchen
data/train/0/PXL_20251107_214138829.jpg,2,The table surface is spotless and free of any visible dirt or clutter.,Clean / clear the table surface,kitchen
data/train/0/PXL_20251107_214141284.jpg,2,The table surface is spotless and free of any visible dirt or clutter.,Clean / clear the table surface,kitchen
data/train/0/PXL_20251107_214149586.jpg,2,The table surface is spotless and free of any visible dirt or clutter.,Clean / clear the table surface,kitchen
data/train/0/PXL_20251107_214213871.jpg,2,The table surface is spotless and free of any visible dirt or clutter.,Clean / clear the table surface,kitchen
data/train/0/PXL_20251107_214354844.MP.jpg,2,The table surface is spotless and free of any visible dirt or clutter.,Clean / clear the table surface,kitchen
data/train/0/PXL_20251107_214433567.jpg,2,The table surface is spotless and free of any visible dirt or clutter.,Clean / clear the table surface,kitchen
data/train/0/PXL_20251107_214438050.jpg,2,The table surface is spotless and free of any visible dirt or clutter.,Clean / clear the table surface,kitchen
data/train/0/PXL_20251107_214439849.MP.jpg,2,The table surface is spotless and free of any visible dirt or clutter.,Clean / clear the table surface,kitchen
data/train/0/PXL_20251107_214513126.jpg,2,The table surface is spotless and free of any visible dirt or clutter.,Clean / clear the table surface,kitchen
data/train/0/PXL_20251107_214618649.jpg,2,The table surface is spotless and free of any visible dirt or clutter.,Clean / clear the table surface,kitchen
data/train/0/PXL_20251107_214628159.jpg,2,The table surface is spotless and free of any visible dirt or clutter.,Clean / clear the table surface,kitchen
data/train/0/PXL_20251107_214631385.jpg,2,The table surface is spotless and free of any visible dirt or clutter.,Clean / clear the table surface,kitchen
data/train/0/PXL_20251107_214637994.MP.jpg,2,The table surface is spotless and free of any visible dirt or clutter.,Clean / clear the table surface,kitchen
data/train/1/PXL_20251107_193118385.MP.jpg,1,There are some crumbs and a slight smudge on the table surface, indicating it's not perfectly clean.,Clean / clear the table surface,kitchen
data/train/1/PXL_20251107_211947188.MP.jpg,1,There are some crumbs and a slight smudge on the table surface, indicating it's not perfectly clean.,Clean / clear the table surface,kitchen
data/train/1/PXL_20251107_211959549.jpg,1,There are some crumbs and a slight smudge on the table surface, indicating it's not perfectly clean.,Clean / clear the table surface,kitchen
data/train/1/PXL_20251107_212125921.MP.jpg,1,There are some crumbs and a slight smudge on the table surface, indicating it's not perfectly clean.,Clean / clear the table surface,kitchen
data/train/1/PXL_20251107_212315357.jpg,1,There are some crumbs and a slight smudge on the table surface, indicating it's not perfectly clean.,Clean / clear the table surface,kitchen
data/train/1/PXL_20251107_212317799.jpg,1,There are some crumbs and a slight smudge on the table surface, indicating it's not perfectly clean.,Clean / clear the table surface,kitchen
data/train/1/PXL_20251107_212353658.jpg,1,There are some crumbs and a slight smudge on the table surface, indicating it's not perfectly clean.,Clean / clear the table surface,kitchen
data/train/1/PXL_20251107_212905212.jpg,1,There are some crumbs and a slight smudge on the table surface, indicating it's not perfectly clean.,Clean / clear the table surface,kitchen
data/train/1/PXL_20251107_212949357.jpg,1,There are some crumbs and a slight smudge on the table surface, indicating it's not perfectly clean.,Clean / clear the table surface,kitchen
data/train/1/PXL_20251107_213352893.jpg,1,There are some crumbs and a slight smudge on the table surface, indicating it's not perfectly clean.,Clean / clear the table surface,kitchen
data/train/1/PXL_20251107_213818565.MP.jpg,1,There are some crumbs and a slight smudge on the table surface, indicating it's not perfectly clean.,Clean / clear the table surface,kitchen
data/train/1/PXL_20251107_213823353.jpg,1,There are some crumbs and a slight smudge on the table surface, indicating it's not perfectly clean.,Clean / clear the table surface,kitchen
data/train/2/PXL_20251107_192604826.jpg,0,The table surface is covered in crumbs, spills, and food debris, indicating it is very dirty.,Clean / clear the table surface,kitchen
data/train/2/PXL_20251107_211955495.MP.jpg,0,The table surface is covered in crumbs, spills, and food debris, indicating it is very dirty.,Clean / clear the table surface,kitchen
data/train/2/PXL_20251107_212255980.jpg,0,The table surface is covered in crumbs, spills, and food debris, indicating it is very dirty.,Clean / clear the table surface,kitchen
data/train/2/PXL_20251107_212455168.jpg,0,The table surface is covered in crumbs, spills, and food debris, indicating it is very dirty.,Clean / clear the table surface,kitchen
data/train/2/PXL_20251107_212508348.jpg,0,The table surface is covered in crumbs, spills, and food debris, indicating it is very dirty.,Clean / clear the table surface,kitchen
data/train/2/PXL_20251107_212534074.jpg,0,The table surface is covered in crumbs, spills, and food debris, indicating it is very dirty.,Clean / clear the table surface,kitchen
data/train/2/PXL_20251107_212920950.jpg,0,The table surface is covered in crumbs, spills, and food debris, indicating it is very dirty.,Clean / clear the table surface,kitchen
data/train/2/PXL_20251107_212924078.jpg,0,The table surface is covered in crumbs, spills, and food debris, indicating it is very dirty.,Clean / clear the table surface,kitchen
data/train/2/PXL_20251107_212944798.jpg,0,The table surface is covered in crumbs, spills, and food debris, indicating it is very dirty.,Clean / clear the table surface,kitchen
data/train/2/PXL_20251107_213152356.jpg,0,The table surface is covered in crumbs, spills, and food debris, indicating it is very dirty.,Clean / clear the table surface,kitchen
data/train/2/PXL_20251107_213208019.jpg,0,The table surface is covered in crumbs, spills, and food debris, indicating it is very dirty.,Clean / clear the table surface,kitchen
data/train/2/PXL_20251107_213223439.jpg,0,The table surface is covered in crumbs, spills, and food debris, indicating it is very dirty.,Clean / clear the table surface,kitchen
data/train/2/PXL_20251107_213227910.jpg,0,The table surface is covered in crumbs, spills, and food debris, indicating it is very dirty.,Clean / clear the table surface,kitchen
data/train/2/PXL_20251107_213448529.jpg,0,The table surface is covered in crumbs, spills, and food debris, indicating it is very dirty.,Clean / clear the table surface,kitchen
data/train/2/PXL_20251107_213718501.MP.jpg,0,The table surface is covered in crumbs, spills, and food debris, indicating it is very dirty.,Clean / clear the table surface,kitchen
data/train/2/PXL_20251107_213723496.jpg,0,The table surface is covered in crumbs, spills, and food debris, indicating it is very dirty.,Clean / clear the table surface,kitchen
data/train/2/PXL_20251107_213729625.jpg,0,The table surface is covered in crumbs, spills, and food debris, indicating it is very dirty.,Clean / clear the table surface,kitchen
data/train/2/PXL_20251107_213732624.MP.jpg,0,The table surface is covered in crumbs, spills, and food debris, indicating it is very dirty.,Clean / clear the table surface,kitchen
data/train/2/PXL_20251107_213755081.jpg,0,The table surface is covered in crumbs, spills, and food debris, indicating it is very dirty.,Clean / clear the table surface,kitchen
data/train/2/PXL_20251107_213802642.jpg,0,The table surface is covered in crumbs, spills, and food debris, indicating it is very dirty.,Clean / clear the table surface,kitchen
data/train/2/PXL_20251107_213810377.jpg,0,The table surface is covered in crumbs, spills, and food debris, indicating it is very dirty.,Clean / clear the table surface,kitchen
data/train/2/PXL_20251107_213834436.jpg,0,The table surface is covered in crumbs, spills, and food debris, indicating it is very dirty.,Clean / clear the table surface,kitchen
data/train/2/PXL_20251107_213850033.jpg,0,The table surface is covered in crumbs, spills, and food debris, indicating it is very dirty.,Clean / clear the table surface,kitchen
data/train/2/PXL_20251107_213853343.jpg,0,The table surface is covered in crumbs, spills, and food debris, indicating it is very dirty.,Clean / clear the table surface,kitchen
data/train/2/PXL_20251107_214132167.MP.jpg,0,The table surface is covered in crumbs, spills, and food debris, indicating it is very dirty.,Clean / clear the table surface,kitchen
data/train/2/PXL_20251107_214133805.jpg,0,The table surface is covered in crumbs, spills, and food debris, indicating it is very dirty.,Clean / clear the table surface,kitchen
data/train/2/PXL_20251107_214144019.jpg,0,The table surface is covered in crumbs, spills, and food debris, indicating it is very dirty.,Clean / clear the table surface,kitchen
data/train/2/PXL_20251107_214457302.jpg,0,The table surface is covered in crumbs, spills, and food debris, indicating it is very dirty.,Clean / clear the table surface,kitchen
data/train/2/PXL_20251107_214644021.jpg,0,The table surface is covered in crumbs, spills, and food debris, indicating it is very dirty.,Clean / clear the table surface,kitchen
